Model,Accuracy
CNN,0.9290348281356704
ResNet50,0.9747325290234464
EfficientNetB0,0.9644889597086274
MobileNetV2,0.9243683132255862
