Model,Accuracy
CNN,0.9290348281356704
ResNet50,0.15558843614841794
EfficientNetB0,0.028681994081493283
MobileNetV2,0.9243683132255862
